{"ATLAS": {"SPRITES":[ 
{"SPRITE" : {"name": "0000","x":1148,"y":1256,"w":368,"h":416,"rotated": false}},
{"SPRITE" : {"name": "0001","x":284,"y":1263,"w":88,"h":116,"rotated": false}},
{"SPRITE" : {"name": "0002","x":1931,"y":1269,"w":109,"h":118,"rotated": false}},
{"SPRITE" : {"name": "0003","x":1791,"y":1473,"w":163,"h":165,"rotated": false}},
{"SPRITE" : {"name": "0004","x":284,"y":1383,"w":88,"h":116,"rotated": false}},
{"SPRITE" : {"name": "0005","x":1791,"y":1269,"w":136,"h":200,"rotated": false}},
{"SPRITE" : {"name": "0006","x":1611,"y":845,"w":367,"h":420,"rotated": false}},
{"SPRITE" : {"name": "0007","x":769,"y":843,"w":375,"h":412,"rotated": false}},
{"SPRITE" : {"name": "0008","x":1148,"y":1256,"w":368,"h":416,"rotated": false}},
{"SPRITE" : {"name": "0009","x":1148,"y":1256,"w":368,"h":416,"rotated": false}},
{"SPRITE" : {"name": "0010","x":1148,"y":1256,"w":368,"h":416,"rotated": false}},
{"SPRITE" : {"name": "0011","x":769,"y":1259,"w":368,"h":416,"rotated": false}},
{"SPRITE" : {"name": "0012","x":1232,"y":836,"w":375,"h":416,"rotated": false}},
{"SPRITE" : {"name": "0013","x":1662,"y":0,"w":376,"h":416,"rotated": false}},
{"SPRITE" : {"name": "0014","x":1662,"y":0,"w":376,"h":416,"rotated": false}},
{"SPRITE" : {"name": "0015","x":391,"y":840,"w":374,"h":416,"rotated": false}},
{"SPRITE" : {"name": "0016","x":391,"y":1260,"w":368,"h":416,"rotated": false}},
{"SPRITE" : {"name": "0017","x":0,"y":0,"w":413,"h":416,"rotated": false}},
{"SPRITE" : {"name": "0018","x":0,"y":0,"w":413,"h":416,"rotated": false}},
{"SPRITE" : {"name": "0019","x":417,"y":0,"w":411,"h":416,"rotated": false}},
{"SPRITE" : {"name": "0020","x":417,"y":0,"w":411,"h":416,"rotated": false}},
{"SPRITE" : {"name": "0021","x":417,"y":0,"w":411,"h":416,"rotated": false}},
{"SPRITE" : {"name": "0022","x":417,"y":0,"w":411,"h":416,"rotated": false}},
{"SPRITE" : {"name": "0023","x":417,"y":0,"w":411,"h":416,"rotated": false}},
{"SPRITE" : {"name": "0024","x":417,"y":0,"w":411,"h":416,"rotated": false}},
{"SPRITE" : {"name": "0025","x":417,"y":0,"w":411,"h":416,"rotated": false}},
{"SPRITE" : {"name": "0026","x":417,"y":0,"w":411,"h":416,"rotated": false}},
{"SPRITE" : {"name": "0027","x":417,"y":0,"w":411,"h":416,"rotated": false}},
{"SPRITE" : {"name": "0028","x":417,"y":0,"w":411,"h":416,"rotated": false}},
{"SPRITE" : {"name": "0029","x":417,"y":0,"w":411,"h":416,"rotated": false}},
{"SPRITE" : {"name": "0030","x":417,"y":0,"w":411,"h":416,"rotated": false}},
{"SPRITE" : {"name": "0031","x":832,"y":0,"w":411,"h":416,"rotated": false}},
{"SPRITE" : {"name": "0032","x":832,"y":0,"w":411,"h":416,"rotated": false}},
{"SPRITE" : {"name": "0033","x":417,"y":0,"w":411,"h":416,"rotated": false}},
{"SPRITE" : {"name": "0034","x":417,"y":0,"w":411,"h":416,"rotated": false}},
{"SPRITE" : {"name": "0035","x":417,"y":0,"w":411,"h":416,"rotated": false}},
{"SPRITE" : {"name": "0036","x":417,"y":0,"w":411,"h":416,"rotated": false}},
{"SPRITE" : {"name": "0037","x":417,"y":0,"w":411,"h":416,"rotated": false}},
{"SPRITE" : {"name": "0038","x":417,"y":0,"w":411,"h":416,"rotated": false}},
{"SPRITE" : {"name": "0039","x":417,"y":0,"w":411,"h":416,"rotated": false}},
{"SPRITE" : {"name": "0040","x":417,"y":0,"w":411,"h":416,"rotated": false}},
{"SPRITE" : {"name": "0041","x":417,"y":0,"w":411,"h":416,"rotated": false}},
{"SPRITE" : {"name": "0042","x":417,"y":0,"w":411,"h":416,"rotated": false}},
{"SPRITE" : {"name": "0043","x":417,"y":0,"w":411,"h":416,"rotated": false}},
{"SPRITE" : {"name": "0044","x":417,"y":0,"w":411,"h":416,"rotated": false}},
{"SPRITE" : {"name": "0045","x":417,"y":0,"w":411,"h":416,"rotated": false}},
{"SPRITE" : {"name": "0046","x":417,"y":0,"w":411,"h":416,"rotated": false}},
{"SPRITE" : {"name": "0047","x":417,"y":0,"w":411,"h":416,"rotated": false}},
{"SPRITE" : {"name": "0048","x":417,"y":0,"w":411,"h":416,"rotated": false}},
{"SPRITE" : {"name": "0049","x":417,"y":0,"w":411,"h":416,"rotated": false}},
{"SPRITE" : {"name": "0050","x":417,"y":0,"w":411,"h":416,"rotated": false}},
{"SPRITE" : {"name": "0051","x":417,"y":0,"w":411,"h":416,"rotated": false}},
{"SPRITE" : {"name": "0052","x":417,"y":0,"w":411,"h":416,"rotated": false}},
{"SPRITE" : {"name": "0053","x":417,"y":0,"w":411,"h":416,"rotated": false}},
{"SPRITE" : {"name": "0054","x":417,"y":0,"w":411,"h":416,"rotated": false}},
{"SPRITE" : {"name": "0055","x":417,"y":0,"w":411,"h":416,"rotated": false}},
{"SPRITE" : {"name": "0056","x":417,"y":0,"w":411,"h":416,"rotated": false}},
{"SPRITE" : {"name": "0057","x":417,"y":0,"w":411,"h":416,"rotated": false}},
{"SPRITE" : {"name": "0058","x":417,"y":0,"w":411,"h":416,"rotated": false}},
{"SPRITE" : {"name": "0059","x":417,"y":0,"w":411,"h":416,"rotated": false}},
{"SPRITE" : {"name": "0060","x":417,"y":0,"w":411,"h":416,"rotated": false}},
{"SPRITE" : {"name": "0061","x":417,"y":0,"w":411,"h":416,"rotated": false}},
{"SPRITE" : {"name": "0062","x":417,"y":0,"w":411,"h":416,"rotated": false}},
{"SPRITE" : {"name": "0063","x":417,"y":0,"w":411,"h":416,"rotated": false}},
{"SPRITE" : {"name": "0064","x":417,"y":0,"w":411,"h":416,"rotated": false}},
{"SPRITE" : {"name": "0065","x":417,"y":0,"w":411,"h":416,"rotated": false}},
{"SPRITE" : {"name": "0066","x":417,"y":0,"w":411,"h":416,"rotated": false}},
{"SPRITE" : {"name": "0067","x":417,"y":0,"w":411,"h":416,"rotated": false}},
{"SPRITE" : {"name": "0068","x":417,"y":0,"w":411,"h":416,"rotated": false}},
{"SPRITE" : {"name": "0069","x":417,"y":0,"w":411,"h":416,"rotated": false}},
{"SPRITE" : {"name": "0070","x":417,"y":0,"w":411,"h":416,"rotated": false}},
{"SPRITE" : {"name": "0071","x":417,"y":0,"w":411,"h":416,"rotated": false}},
{"SPRITE" : {"name": "0072","x":417,"y":0,"w":411,"h":416,"rotated": false}},
{"SPRITE" : {"name": "0073","x":417,"y":0,"w":411,"h":416,"rotated": false}},
{"SPRITE" : {"name": "0074","x":417,"y":0,"w":411,"h":416,"rotated": false}},
{"SPRITE" : {"name": "0075","x":417,"y":0,"w":411,"h":416,"rotated": false}},
{"SPRITE" : {"name": "0076","x":417,"y":0,"w":411,"h":416,"rotated": false}},
{"SPRITE" : {"name": "0077","x":417,"y":0,"w":411,"h":416,"rotated": false}},
{"SPRITE" : {"name": "0078","x":417,"y":0,"w":411,"h":416,"rotated": false}},
{"SPRITE" : {"name": "0079","x":417,"y":0,"w":411,"h":416,"rotated": false}},
{"SPRITE" : {"name": "0080","x":417,"y":0,"w":411,"h":416,"rotated": false}},
{"SPRITE" : {"name": "0081","x":417,"y":0,"w":411,"h":416,"rotated": false}},
{"SPRITE" : {"name": "0082","x":1247,"y":0,"w":411,"h":416,"rotated": false}},
{"SPRITE" : {"name": "0083","x":832,"y":0,"w":411,"h":416,"rotated": false}},
{"SPRITE" : {"name": "0084","x":832,"y":0,"w":411,"h":416,"rotated": false}},
{"SPRITE" : {"name": "0085","x":417,"y":0,"w":411,"h":416,"rotated": false}},
{"SPRITE" : {"name": "0086","x":417,"y":0,"w":411,"h":416,"rotated": false}},
{"SPRITE" : {"name": "0087","x":417,"y":0,"w":411,"h":416,"rotated": false}},
{"SPRITE" : {"name": "0088","x":417,"y":0,"w":411,"h":416,"rotated": false}},
{"SPRITE" : {"name": "0089","x":417,"y":0,"w":411,"h":416,"rotated": false}},
{"SPRITE" : {"name": "0090","x":417,"y":0,"w":411,"h":416,"rotated": false}},
{"SPRITE" : {"name": "0091","x":417,"y":0,"w":411,"h":416,"rotated": false}},
{"SPRITE" : {"name": "0092","x":417,"y":0,"w":411,"h":416,"rotated": false}},
{"SPRITE" : {"name": "0093","x":417,"y":0,"w":411,"h":416,"rotated": false}},
{"SPRITE" : {"name": "0094","x":417,"y":0,"w":411,"h":416,"rotated": false}},
{"SPRITE" : {"name": "0095","x":417,"y":0,"w":411,"h":416,"rotated": false}},
{"SPRITE" : {"name": "0096","x":417,"y":0,"w":411,"h":416,"rotated": false}},
{"SPRITE" : {"name": "0097","x":417,"y":0,"w":411,"h":416,"rotated": false}},
{"SPRITE" : {"name": "0098","x":417,"y":0,"w":411,"h":416,"rotated": false}},
{"SPRITE" : {"name": "0099","x":417,"y":0,"w":411,"h":416,"rotated": false}},
{"SPRITE" : {"name": "0100","x":417,"y":0,"w":411,"h":416,"rotated": false}},
{"SPRITE" : {"name": "0101","x":417,"y":0,"w":411,"h":416,"rotated": false}},
{"SPRITE" : {"name": "0102","x":417,"y":0,"w":411,"h":416,"rotated": false}},
{"SPRITE" : {"name": "0103","x":417,"y":0,"w":411,"h":416,"rotated": false}},
{"SPRITE" : {"name": "0104","x":417,"y":0,"w":411,"h":416,"rotated": false}},
{"SPRITE" : {"name": "0105","x":417,"y":0,"w":411,"h":416,"rotated": false}},
{"SPRITE" : {"name": "0106","x":417,"y":0,"w":411,"h":416,"rotated": false}},
{"SPRITE" : {"name": "0107","x":417,"y":0,"w":411,"h":416,"rotated": false}},
{"SPRITE" : {"name": "0108","x":417,"y":0,"w":411,"h":416,"rotated": false}},
{"SPRITE" : {"name": "0109","x":417,"y":0,"w":411,"h":416,"rotated": false}},
{"SPRITE" : {"name": "0110","x":417,"y":0,"w":411,"h":416,"rotated": false}},
{"SPRITE" : {"name": "0111","x":0,"y":420,"w":415,"h":410,"rotated": false}},
{"SPRITE" : {"name": "0112","x":0,"y":420,"w":415,"h":410,"rotated": false}},
{"SPRITE" : {"name": "0113","x":0,"y":834,"w":387,"h":425,"rotated": false}},
{"SPRITE" : {"name": "0114","x":1642,"y":420,"w":394,"h":421,"rotated": false}},
{"SPRITE" : {"name": "0115","x":1232,"y":420,"w":406,"h":412,"rotated": false}},
{"SPRITE" : {"name": "0116","x":419,"y":420,"w":404,"h":416,"rotated": false}},
{"SPRITE" : {"name": "0117","x":827,"y":420,"w":401,"h":419,"rotated": false}},
{"SPRITE" : {"name": "0118","x":419,"y":420,"w":404,"h":416,"rotated": false}},
{"SPRITE" : {"name": "0119","x":827,"y":420,"w":401,"h":419,"rotated": false}},
{"SPRITE" : {"name": "0120","x":419,"y":420,"w":404,"h":416,"rotated": false}},
{"SPRITE" : {"name": "0121","x":827,"y":420,"w":401,"h":419,"rotated": false}},
{"SPRITE" : {"name": "0122","x":419,"y":420,"w":404,"h":416,"rotated": false}},
{"SPRITE" : {"name": "0123","x":827,"y":420,"w":401,"h":419,"rotated": false}},
{"SPRITE" : {"name": "0124","x":419,"y":420,"w":404,"h":416,"rotated": false}},
{"SPRITE" : {"name": "0125","x":419,"y":420,"w":404,"h":416,"rotated": false}},
{"SPRITE" : {"name": "0126","x":419,"y":420,"w":404,"h":416,"rotated": false}},
{"SPRITE" : {"name": "0127","x":1148,"y":843,"w":70,"h":42,"rotated": false}},
{"SPRITE" : {"name": "0128","x":1007,"y":1679,"w":85,"h":29,"rotated": false}},
{"SPRITE" : {"name": "0129","x":1007,"y":1679,"w":85,"h":29,"rotated": false}},
{"SPRITE" : {"name": "0130","x":1958,"y":1516,"w":78,"h":35,"rotated": false}},
{"SPRITE" : {"name": "0131","x":1958,"y":1516,"w":78,"h":35,"rotated": false}},
{"SPRITE" : {"name": "0132","x":668,"y":1680,"w":72,"h":32,"rotated": false}},
{"SPRITE" : {"name": "0133","x":668,"y":1680,"w":72,"h":32,"rotated": false}},
{"SPRITE" : {"name": "0134","x":1007,"y":1712,"w":77,"h":22,"rotated": false}},
{"SPRITE" : {"name": "0135","x":1007,"y":1712,"w":77,"h":22,"rotated": false}},
{"SPRITE" : {"name": "0136","x":1222,"y":1713,"w":61,"h":21,"rotated": false}},
{"SPRITE" : {"name": "0137","x":1222,"y":1713,"w":61,"h":21,"rotated": false}},
{"SPRITE" : {"name": "0138","x":1148,"y":1102,"w":77,"h":36,"rotated": false}},
{"SPRITE" : {"name": "0139","x":1148,"y":1102,"w":77,"h":36,"rotated": false}},
{"SPRITE" : {"name": "0140","x":350,"y":1680,"w":67,"h":36,"rotated": false}},
{"SPRITE" : {"name": "0141","x":1982,"y":977,"w":50,"h":42,"rotated": false}},
{"SPRITE" : {"name": "0142","x":1982,"y":977,"w":50,"h":42,"rotated": false}},
{"SPRITE" : {"name": "0143","x":1096,"y":1679,"w":40,"h":36,"rotated": false}},
{"SPRITE" : {"name": "0144","x":1096,"y":1679,"w":40,"h":36,"rotated": false}},
{"SPRITE" : {"name": "0145","x":1982,"y":1232,"w":45,"h":30,"rotated": false}},
{"SPRITE" : {"name": "0146","x":1148,"y":1142,"w":77,"h":36,"rotated": false}},
{"SPRITE" : {"name": "0147","x":1148,"y":1142,"w":77,"h":36,"rotated": false}},
{"SPRITE" : {"name": "0148","x":271,"y":1543,"w":78,"h":35,"rotated": false}},
{"SPRITE" : {"name": "0149","x":271,"y":1543,"w":78,"h":35,"rotated": false}},
{"SPRITE" : {"name": "0150","x":1148,"y":1060,"w":73,"h":38,"rotated": false}},
{"SPRITE" : {"name": "0151","x":1982,"y":937,"w":59,"h":36,"rotated": false}},
{"SPRITE" : {"name": "0152","x":1982,"y":937,"w":59,"h":36,"rotated": false}},
{"SPRITE" : {"name": "0153","x":271,"y":1702,"w":72,"h":32,"rotated": false}},
{"SPRITE" : {"name": "0154","x":271,"y":1702,"w":72,"h":32,"rotated": false}},
{"SPRITE" : {"name": "0155","x":271,"y":1702,"w":72,"h":32,"rotated": false}},
{"SPRITE" : {"name": "0156","x":583,"y":1680,"w":81,"h":29,"rotated": false}},
{"SPRITE" : {"name": "0157","x":583,"y":1680,"w":81,"h":29,"rotated": false}},
{"SPRITE" : {"name": "0158","x":1958,"y":1516,"w":78,"h":35,"rotated": false}},
{"SPRITE" : {"name": "0159","x":1148,"y":1182,"w":77,"h":36,"rotated": false}},
{"SPRITE" : {"name": "0160","x":1148,"y":1182,"w":77,"h":36,"rotated": false}},
{"SPRITE" : {"name": "0161","x":1222,"y":1676,"w":81,"h":33,"rotated": false}},
{"SPRITE" : {"name": "0162","x":1222,"y":1676,"w":81,"h":33,"rotated": false}},
{"SPRITE" : {"name": "0163","x":1222,"y":1676,"w":81,"h":33,"rotated": false}},
{"SPRITE" : {"name": "0164","x":1958,"y":1555,"w":78,"h":35,"rotated": false}},
{"SPRITE" : {"name": "0165","x":1958,"y":1555,"w":78,"h":35,"rotated": false}},
{"SPRITE" : {"name": "0166","x":1148,"y":1142,"w":77,"h":36,"rotated": false}},
{"SPRITE" : {"name": "0167","x":1148,"y":1142,"w":77,"h":36,"rotated": false}},
{"SPRITE" : {"name": "0168","x":495,"y":1680,"w":84,"h":28,"rotated": false}},
{"SPRITE" : {"name": "0169","x":495,"y":1680,"w":84,"h":28,"rotated": false}},
{"SPRITE" : {"name": "0170","x":1958,"y":1516,"w":78,"h":35,"rotated": false}},
{"SPRITE" : {"name": "0171","x":1958,"y":1516,"w":78,"h":35,"rotated": false}},
{"SPRITE" : {"name": "0172","x":1982,"y":977,"w":50,"h":42,"rotated": false}},
{"SPRITE" : {"name": "0173","x":1982,"y":977,"w":50,"h":42,"rotated": false}},
{"SPRITE" : {"name": "0174","x":1985,"y":1672,"w":54,"h":34,"rotated": false}},
{"SPRITE" : {"name": "0175","x":271,"y":1702,"w":72,"h":32,"rotated": false}},
{"SPRITE" : {"name": "0176","x":271,"y":1702,"w":72,"h":32,"rotated": false}},
{"SPRITE" : {"name": "0177","x":843,"y":1679,"w":78,"h":33,"rotated": false}},
{"SPRITE" : {"name": "0178","x":843,"y":1679,"w":78,"h":33,"rotated": false}},
{"SPRITE" : {"name": "0179","x":1982,"y":1069,"w":59,"h":35,"rotated": false}},
{"SPRITE" : {"name": "0180","x":1982,"y":1069,"w":59,"h":35,"rotated": false}},
{"SPRITE" : {"name": "0181","x":1148,"y":889,"w":75,"h":38,"rotated": false}},
{"SPRITE" : {"name": "0182","x":1148,"y":889,"w":75,"h":38,"rotated": false}},
{"SPRITE" : {"name": "0183","x":1141,"y":1676,"w":77,"h":35,"rotated": false}},
{"SPRITE" : {"name": "0184","x":1141,"y":1676,"w":77,"h":35,"rotated": false}},
{"SPRITE" : {"name": "0185","x":271,"y":1582,"w":78,"h":35,"rotated": false}},
{"SPRITE" : {"name": "0186","x":271,"y":1582,"w":78,"h":35,"rotated": false}},
{"SPRITE" : {"name": "0187","x":1982,"y":1108,"w":59,"h":35,"rotated": false}},
{"SPRITE" : {"name": "0188","x":1982,"y":1108,"w":59,"h":35,"rotated": false}},
{"SPRITE" : {"name": "0189","x":1392,"y":1712,"w":77,"h":22,"rotated": false}},
{"SPRITE" : {"name": "0190","x":1392,"y":1712,"w":77,"h":22,"rotated": false}},
{"SPRITE" : {"name": "0191","x":1958,"y":1476,"w":77,"h":36,"rotated": false}},
{"SPRITE" : {"name": "0192","x":1958,"y":1476,"w":77,"h":36,"rotated": false}},
{"SPRITE" : {"name": "0193","x":1148,"y":931,"w":75,"h":38,"rotated": false}},
{"SPRITE" : {"name": "0194","x":1148,"y":931,"w":75,"h":38,"rotated": false}},
{"SPRITE" : {"name": "0195","x":1148,"y":1142,"w":77,"h":36,"rotated": false}},
{"SPRITE" : {"name": "0196","x":1148,"y":1142,"w":77,"h":36,"rotated": false}},
{"SPRITE" : {"name": "0197","x":569,"y":1713,"w":77,"h":22,"rotated": false}},
{"SPRITE" : {"name": "0198","x":569,"y":1713,"w":77,"h":22,"rotated": false}},
{"SPRITE" : {"name": "0199","x":1307,"y":1676,"w":81,"h":33,"rotated": false}},
{"SPRITE" : {"name": "0200","x":1307,"y":1676,"w":81,"h":33,"rotated": false}},
{"SPRITE" : {"name": "0201","x":1307,"y":1676,"w":81,"h":33,"rotated": false}},
{"SPRITE" : {"name": "0202","x":1958,"y":1594,"w":78,"h":35,"rotated": false}},
{"SPRITE" : {"name": "0203","x":1958,"y":1594,"w":78,"h":35,"rotated": false}},
{"SPRITE" : {"name": "0204","x":271,"y":1702,"w":72,"h":32,"rotated": false}},
{"SPRITE" : {"name": "0205","x":271,"y":1702,"w":72,"h":32,"rotated": false}},
{"SPRITE" : {"name": "0206","x":1148,"y":973,"w":75,"h":38,"rotated": false}},
{"SPRITE" : {"name": "0207","x":1148,"y":973,"w":75,"h":38,"rotated": false}},
{"SPRITE" : {"name": "0208","x":1148,"y":1015,"w":69,"h":41,"rotated": false}},
{"SPRITE" : {"name": "0209","x":1148,"y":1015,"w":69,"h":41,"rotated": false}},
{"SPRITE" : {"name": "0210","x":1982,"y":1023,"w":50,"h":42,"rotated": false}},
{"SPRITE" : {"name": "0211","x":1982,"y":1023,"w":50,"h":42,"rotated": false}},
{"SPRITE" : {"name": "0212","x":1982,"y":1186,"w":48,"h":42,"rotated": false}},
{"SPRITE" : {"name": "0213","x":1982,"y":1147,"w":59,"h":35,"rotated": false}},
{"SPRITE" : {"name": "0214","x":1982,"y":1147,"w":59,"h":35,"rotated": false}},
{"SPRITE" : {"name": "0215","x":1392,"y":1676,"w":81,"h":32,"rotated": false}},
{"SPRITE" : {"name": "0216","x":1392,"y":1676,"w":81,"h":32,"rotated": false}},
{"SPRITE" : {"name": "0217","x":925,"y":1679,"w":78,"h":33,"rotated": false}},
{"SPRITE" : {"name": "0218","x":925,"y":1679,"w":78,"h":33,"rotated": false}},
{"SPRITE" : {"name": "0219","x":925,"y":1679,"w":78,"h":33,"rotated": false}},
{"SPRITE" : {"name": "0220","x":925,"y":1679,"w":78,"h":33,"rotated": false}},
{"SPRITE" : {"name": "0221","x":271,"y":1503,"w":77,"h":36,"rotated": false}},
{"SPRITE" : {"name": "0222","x":1520,"y":1503,"w":265,"h":230,"rotated": false}},
{"SPRITE" : {"name": "0223","x":1520,"y":1269,"w":267,"h":230,"rotated": false}},
{"SPRITE" : {"name": "0224","x":0,"y":1263,"w":280,"h":229,"rotated": false}},
{"SPRITE" : {"name": "0225","x":763,"y":1679,"w":76,"h":34,"rotated": false}},
{"SPRITE" : {"name": "0226","x":271,"y":1662,"w":75,"h":36,"rotated": false}},
{"SPRITE" : {"name": "0227","x":271,"y":1621,"w":73,"h":37,"rotated": false}},
{"SPRITE" : {"name": "0228","x":1982,"y":889,"w":49,"h":44,"rotated": false}},
{"SPRITE" : {"name": "0229","x":348,"y":1621,"w":39,"h":37,"rotated": false}},
{"SPRITE" : {"name": "0230","x":421,"y":1680,"w":70,"h":34,"rotated": false}},
{"SPRITE" : {"name": "0231","x":1958,"y":1438,"w":83,"h":34,"rotated": false}},
{"SPRITE" : {"name": "0232","x":1148,"y":1222,"w":75,"h":26,"rotated": false}},
{"SPRITE" : {"name": "0233","x":1982,"y":845,"w":58,"h":40,"rotated": false}},
{"SPRITE" : {"name": "0234","x":495,"y":1712,"w":70,"h":32,"rotated": false}},
{"SPRITE" : {"name": "0235","x":1985,"y":1633,"w":57,"h":35,"rotated": false}},
{"SPRITE" : {"name": "0236","x":1931,"y":1391,"w":86,"h":43,"rotated": false}},
{"SPRITE" : {"name": "0237","x":0,"y":1496,"w":267,"h":230,"rotated": false}},
{"SPRITE" : {"name": "0238","x":1789,"y":1642,"w":192,"h":140,"rotated": false}}
]},
"meta": {
"app": "Adobe Animate",
"version": "21.0.0.35450",
"image": "spritemap1.png",
"format": "RGBA8888",
"size": {"w":2042,"h":1782},
"resolution": "1"
}
}
