{"frames": {

"donate basic0000":
{
	"frame": {"x":0,"y":0,"w":444,"h":117},
	"rotated": false,
	"trimmed": false,
	"spriteSourceSize": {"x":0,"y":0,"w":444,"h":117},
	"sourceSize": {"w":444,"h":117}
},
"donate basic0001":
{
	"frame": {"x":0,"y":0,"w":444,"h":117},
	"rotated": false,
	"trimmed": false,
	"spriteSourceSize": {"x":0,"y":0,"w":444,"h":117},
	"sourceSize": {"w":444,"h":117}
},
"donate basic0002":
{
	"frame": {"x":0,"y":0,"w":444,"h":117},
	"rotated": false,
	"trimmed": false,
	"spriteSourceSize": {"x":0,"y":0,"w":444,"h":117},
	"sourceSize": {"w":444,"h":117}
},
"donate basic0003":
{
	"frame": {"x":444,"y":0,"w":444,"h":117},
	"rotated": false,
	"trimmed": false,
	"spriteSourceSize": {"x":0,"y":0,"w":444,"h":117},
	"sourceSize": {"w":444,"h":117}
},
"donate basic0004":
{
	"frame": {"x":444,"y":0,"w":444,"h":117},
	"rotated": false,
	"trimmed": false,
	"spriteSourceSize": {"x":0,"y":0,"w":444,"h":117},
	"sourceSize": {"w":444,"h":117}
},
"donate basic0005":
{
	"frame": {"x":444,"y":0,"w":444,"h":117},
	"rotated": false,
	"trimmed": false,
	"spriteSourceSize": {"x":0,"y":0,"w":444,"h":117},
	"sourceSize": {"w":444,"h":117}
},
"donate basic0006":
{
	"frame": {"x":888,"y":0,"w":444,"h":117},
	"rotated": false,
	"trimmed": false,
	"spriteSourceSize": {"x":0,"y":0,"w":444,"h":117},
	"sourceSize": {"w":444,"h":117}
},
"donate basic0007":
{
	"frame": {"x":888,"y":0,"w":444,"h":117},
	"rotated": false,
	"trimmed": false,
	"spriteSourceSize": {"x":0,"y":0,"w":444,"h":117},
	"sourceSize": {"w":444,"h":117}
},
"donate basic0008":
{
	"frame": {"x":888,"y":0,"w":444,"h":117},
	"rotated": false,
	"trimmed": false,
	"spriteSourceSize": {"x":0,"y":0,"w":444,"h":117},
	"sourceSize": {"w":444,"h":117}
},
"donate white0000":
{
	"frame": {"x":1332,"y":0,"w":590,"h":157},
	"rotated": false,
	"trimmed": true,
	"spriteSourceSize": {"x":0,"y":2,"w":590,"h":159},
	"sourceSize": {"w":590,"h":159}
},
"donate white0001":
{
	"frame": {"x":0,"y":157,"w":587,"h":154},
	"rotated": false,
	"trimmed": true,
	"spriteSourceSize": {"x":1,"y":5,"w":590,"h":159},
	"sourceSize": {"w":590,"h":159}
},
"donate white0002":
{
	"frame": {"x":587,"y":157,"w":585,"h":155},
	"rotated": false,
	"trimmed": true,
	"spriteSourceSize": {"x":3,"y":0,"w":590,"h":159},
	"sourceSize": {"w":590,"h":159}
},
"freeplay basic0000":
{
	"frame": {"x":1172,"y":157,"w":484,"h":122},
	"rotated": false,
	"trimmed": false,
	"spriteSourceSize": {"x":0,"y":0,"w":484,"h":122},
	"sourceSize": {"w":484,"h":122}
},
"freeplay basic0001":
{
	"frame": {"x":1172,"y":157,"w":484,"h":122},
	"rotated": false,
	"trimmed": false,
	"spriteSourceSize": {"x":0,"y":0,"w":484,"h":122},
	"sourceSize": {"w":484,"h":122}
},
"freeplay basic0002":
{
	"frame": {"x":1172,"y":157,"w":484,"h":122},
	"rotated": false,
	"trimmed": false,
	"spriteSourceSize": {"x":0,"y":0,"w":484,"h":122},
	"sourceSize": {"w":484,"h":122}
},
"freeplay basic0003":
{
	"frame": {"x":0,"y":312,"w":484,"h":122},
	"rotated": false,
	"trimmed": false,
	"spriteSourceSize": {"x":0,"y":0,"w":484,"h":122},
	"sourceSize": {"w":484,"h":122}
},
"freeplay basic0004":
{
	"frame": {"x":0,"y":312,"w":484,"h":122},
	"rotated": false,
	"trimmed": false,
	"spriteSourceSize": {"x":0,"y":0,"w":484,"h":122},
	"sourceSize": {"w":484,"h":122}
},
"freeplay basic0005":
{
	"frame": {"x":0,"y":312,"w":484,"h":122},
	"rotated": false,
	"trimmed": false,
	"spriteSourceSize": {"x":0,"y":0,"w":484,"h":122},
	"sourceSize": {"w":484,"h":122}
},
"freeplay basic0006":
{
	"frame": {"x":484,"y":312,"w":484,"h":122},
	"rotated": false,
	"trimmed": false,
	"spriteSourceSize": {"x":0,"y":0,"w":484,"h":122},
	"sourceSize": {"w":484,"h":122}
},
"freeplay basic0007":
{
	"frame": {"x":484,"y":312,"w":484,"h":122},
	"rotated": false,
	"trimmed": false,
	"spriteSourceSize": {"x":0,"y":0,"w":484,"h":122},
	"sourceSize": {"w":484,"h":122}
},
"freeplay basic0008":
{
	"frame": {"x":484,"y":312,"w":484,"h":122},
	"rotated": false,
	"trimmed": false,
	"spriteSourceSize": {"x":0,"y":0,"w":484,"h":122},
	"sourceSize": {"w":484,"h":122}
},
"freeplay white0000":
{
	"frame": {"x":968,"y":312,"w":627,"h":169},
	"rotated": false,
	"trimmed": true,
	"spriteSourceSize": {"x":0,"y":0,"w":635,"h":174},
	"sourceSize": {"w":635,"h":174}
},
"freeplay white0001":
{
	"frame": {"x":0,"y":481,"w":632,"h":170},
	"rotated": false,
	"trimmed": true,
	"spriteSourceSize": {"x":3,"y":1,"w":635,"h":174},
	"sourceSize": {"w":635,"h":174}
},
"freeplay white0002":
{
	"frame": {"x":632,"y":481,"w":629,"h":173},
	"rotated": false,
	"trimmed": true,
	"spriteSourceSize": {"x":4,"y":1,"w":635,"h":174},
	"sourceSize": {"w":635,"h":174}
},
"login basic0000":
{
	"frame": {"x":1261,"y":481,"w":359,"h":109},
	"rotated": false,
	"trimmed": false,
	"spriteSourceSize": {"x":0,"y":0,"w":359,"h":109},
	"sourceSize": {"w":359,"h":109}
},
"login basic0001":
{
	"frame": {"x":1261,"y":481,"w":359,"h":109},
	"rotated": false,
	"trimmed": false,
	"spriteSourceSize": {"x":0,"y":0,"w":359,"h":109},
	"sourceSize": {"w":359,"h":109}
},
"login basic0002":
{
	"frame": {"x":1261,"y":481,"w":359,"h":109},
	"rotated": false,
	"trimmed": false,
	"spriteSourceSize": {"x":0,"y":0,"w":359,"h":109},
	"sourceSize": {"w":359,"h":109}
},
"login basic0003":
{
	"frame": {"x":1620,"y":481,"w":359,"h":109},
	"rotated": false,
	"trimmed": false,
	"spriteSourceSize": {"x":0,"y":0,"w":359,"h":109},
	"sourceSize": {"w":359,"h":109}
},
"login basic0004":
{
	"frame": {"x":1620,"y":481,"w":359,"h":109},
	"rotated": false,
	"trimmed": false,
	"spriteSourceSize": {"x":0,"y":0,"w":359,"h":109},
	"sourceSize": {"w":359,"h":109}
},
"login basic0005":
{
	"frame": {"x":1620,"y":481,"w":359,"h":109},
	"rotated": false,
	"trimmed": false,
	"spriteSourceSize": {"x":0,"y":0,"w":359,"h":109},
	"sourceSize": {"w":359,"h":109}
},
"login basic0006":
{
	"frame": {"x":0,"y":654,"w":358,"h":109},
	"rotated": false,
	"trimmed": true,
	"spriteSourceSize": {"x":0,"y":0,"w":359,"h":109},
	"sourceSize": {"w":359,"h":109}
},
"login basic0007":
{
	"frame": {"x":0,"y":654,"w":358,"h":109},
	"rotated": false,
	"trimmed": true,
	"spriteSourceSize": {"x":0,"y":0,"w":359,"h":109},
	"sourceSize": {"w":359,"h":109}
},
"login basic0008":
{
	"frame": {"x":0,"y":654,"w":358,"h":109},
	"rotated": false,
	"trimmed": true,
	"spriteSourceSize": {"x":0,"y":0,"w":359,"h":109},
	"sourceSize": {"w":359,"h":109}
},
"login white0000":
{
	"frame": {"x":358,"y":654,"w":449,"h":137},
	"rotated": false,
	"trimmed": false,
	"spriteSourceSize": {"x":0,"y":0,"w":449,"h":137},
	"sourceSize": {"w":449,"h":137}
},
"login white0001":
{
	"frame": {"x":807,"y":654,"w":449,"h":137},
	"rotated": false,
	"trimmed": false,
	"spriteSourceSize": {"x":0,"y":0,"w":449,"h":137},
	"sourceSize": {"w":449,"h":137}
},
"login white0002":
{
	"frame": {"x":1256,"y":654,"w":448,"h":137},
	"rotated": false,
	"trimmed": true,
	"spriteSourceSize": {"x":0,"y":0,"w":449,"h":137},
	"sourceSize": {"w":449,"h":137}
},
"logout basic0000":
{
	"frame": {"x":0,"y":791,"w":428,"h":110},
	"rotated": false,
	"trimmed": false,
	"spriteSourceSize": {"x":0,"y":0,"w":428,"h":110},
	"sourceSize": {"w":428,"h":110}
},
"logout basic0001":
{
	"frame": {"x":0,"y":791,"w":428,"h":110},
	"rotated": false,
	"trimmed": false,
	"spriteSourceSize": {"x":0,"y":0,"w":428,"h":110},
	"sourceSize": {"w":428,"h":110}
},
"logout basic0002":
{
	"frame": {"x":0,"y":791,"w":428,"h":110},
	"rotated": false,
	"trimmed": false,
	"spriteSourceSize": {"x":0,"y":0,"w":428,"h":110},
	"sourceSize": {"w":428,"h":110}
},
"logout basic0003":
{
	"frame": {"x":428,"y":791,"w":428,"h":110},
	"rotated": false,
	"trimmed": false,
	"spriteSourceSize": {"x":0,"y":0,"w":428,"h":110},
	"sourceSize": {"w":428,"h":110}
},
"logout basic0004":
{
	"frame": {"x":428,"y":791,"w":428,"h":110},
	"rotated": false,
	"trimmed": false,
	"spriteSourceSize": {"x":0,"y":0,"w":428,"h":110},
	"sourceSize": {"w":428,"h":110}
},
"logout basic0005":
{
	"frame": {"x":428,"y":791,"w":428,"h":110},
	"rotated": false,
	"trimmed": false,
	"spriteSourceSize": {"x":0,"y":0,"w":428,"h":110},
	"sourceSize": {"w":428,"h":110}
},
"logout basic0006":
{
	"frame": {"x":856,"y":791,"w":428,"h":110},
	"rotated": false,
	"trimmed": true,
	"spriteSourceSize": {"x":0,"y":0,"w":428,"h":110},
	"sourceSize": {"w":428,"h":110}
},
"logout basic0007":
{
	"frame": {"x":856,"y":791,"w":428,"h":110},
	"rotated": false,
	"trimmed": true,
	"spriteSourceSize": {"x":0,"y":0,"w":428,"h":110},
	"sourceSize": {"w":428,"h":110}
},
"logout basic0008":
{
	"frame": {"x":856,"y":791,"w":428,"h":110},
	"rotated": false,
	"trimmed": true,
	"spriteSourceSize": {"x":0,"y":0,"w":428,"h":110},
	"sourceSize": {"w":428,"h":110}
},
"logout white0000":
{
	"frame": {"x":1284,"y":791,"w":537,"h":138},
	"rotated": false,
	"trimmed": true,
	"spriteSourceSize": {"x":0,"y":0,"w":538,"h":138},
	"sourceSize": {"w":538,"h":138}
},
"logout white0001":
{
	"frame": {"x":0,"y":929,"w":538,"h":138},
	"rotated": false,
	"trimmed": false,
	"spriteSourceSize": {"x":0,"y":0,"w":538,"h":138},
	"sourceSize": {"w":538,"h":138}
},
"logout white0002":
{
	"frame": {"x":538,"y":929,"w":536,"h":138},
	"rotated": false,
	"trimmed": true,
	"spriteSourceSize": {"x":1,"y":0,"w":538,"h":138},
	"sourceSize": {"w":538,"h":138}
},
"options basic0000":
{
	"frame": {"x":1074,"y":929,"w":487,"h":112},
	"rotated": false,
	"trimmed": false,
	"spriteSourceSize": {"x":0,"y":0,"w":487,"h":112},
	"sourceSize": {"w":487,"h":112}
},
"options basic0001":
{
	"frame": {"x":1074,"y":929,"w":487,"h":112},
	"rotated": false,
	"trimmed": false,
	"spriteSourceSize": {"x":0,"y":0,"w":487,"h":112},
	"sourceSize": {"w":487,"h":112}
},
"options basic0002":
{
	"frame": {"x":1074,"y":929,"w":487,"h":112},
	"rotated": false,
	"trimmed": false,
	"spriteSourceSize": {"x":0,"y":0,"w":487,"h":112},
	"sourceSize": {"w":487,"h":112}
},
"options basic0003":
{
	"frame": {"x":1561,"y":929,"w":487,"h":112},
	"rotated": false,
	"trimmed": false,
	"spriteSourceSize": {"x":0,"y":0,"w":487,"h":112},
	"sourceSize": {"w":487,"h":112}
},
"options basic0004":
{
	"frame": {"x":1561,"y":929,"w":487,"h":112},
	"rotated": false,
	"trimmed": false,
	"spriteSourceSize": {"x":0,"y":0,"w":487,"h":112},
	"sourceSize": {"w":487,"h":112}
},
"options basic0005":
{
	"frame": {"x":1561,"y":929,"w":487,"h":112},
	"rotated": false,
	"trimmed": false,
	"spriteSourceSize": {"x":0,"y":0,"w":487,"h":112},
	"sourceSize": {"w":487,"h":112}
},
"options basic0006":
{
	"frame": {"x":0,"y":1067,"w":487,"h":112},
	"rotated": false,
	"trimmed": false,
	"spriteSourceSize": {"x":0,"y":0,"w":487,"h":112},
	"sourceSize": {"w":487,"h":112}
},
"options basic0007":
{
	"frame": {"x":0,"y":1067,"w":487,"h":112},
	"rotated": false,
	"trimmed": false,
	"spriteSourceSize": {"x":0,"y":0,"w":487,"h":112},
	"sourceSize": {"w":487,"h":112}
},
"options basic0008":
{
	"frame": {"x":0,"y":1067,"w":487,"h":112},
	"rotated": false,
	"trimmed": false,
	"spriteSourceSize": {"x":0,"y":0,"w":487,"h":112},
	"sourceSize": {"w":487,"h":112}
},
"options white0000":
{
	"frame": {"x":487,"y":1067,"w":607,"h":155},
	"rotated": false,
	"trimmed": true,
	"spriteSourceSize": {"x":1,"y":1,"w":609,"h":163},
	"sourceSize": {"w":609,"h":163}
},
"options white0001":
{
	"frame": {"x":1094,"y":1067,"w":606,"h":158},
	"rotated": false,
	"trimmed": true,
	"spriteSourceSize": {"x":3,"y":1,"w":609,"h":163},
	"sourceSize": {"w":609,"h":163}
},
"options white0002":
{
	"frame": {"x":0,"y":1225,"w":609,"h":163},
	"rotated": false,
	"trimmed": false,
	"spriteSourceSize": {"x":0,"y":0,"w":609,"h":163},
	"sourceSize": {"w":609,"h":163}
},
"story mode basic0000":
{
	"frame": {"x":609,"y":1225,"w":615,"h":122},
	"rotated": false,
	"trimmed": false,
	"spriteSourceSize": {"x":0,"y":0,"w":615,"h":122},
	"sourceSize": {"w":615,"h":122}
},
"story mode basic0001":
{
	"frame": {"x":609,"y":1225,"w":615,"h":122},
	"rotated": false,
	"trimmed": false,
	"spriteSourceSize": {"x":0,"y":0,"w":615,"h":122},
	"sourceSize": {"w":615,"h":122}
},
"story mode basic0002":
{
	"frame": {"x":609,"y":1225,"w":615,"h":122},
	"rotated": false,
	"trimmed": false,
	"spriteSourceSize": {"x":0,"y":0,"w":615,"h":122},
	"sourceSize": {"w":615,"h":122}
},
"story mode basic0003":
{
	"frame": {"x":1224,"y":1225,"w":615,"h":122},
	"rotated": false,
	"trimmed": false,
	"spriteSourceSize": {"x":0,"y":0,"w":615,"h":122},
	"sourceSize": {"w":615,"h":122}
},
"story mode basic0004":
{
	"frame": {"x":1224,"y":1225,"w":615,"h":122},
	"rotated": false,
	"trimmed": false,
	"spriteSourceSize": {"x":0,"y":0,"w":615,"h":122},
	"sourceSize": {"w":615,"h":122}
},
"story mode basic0005":
{
	"frame": {"x":1224,"y":1225,"w":615,"h":122},
	"rotated": false,
	"trimmed": false,
	"spriteSourceSize": {"x":0,"y":0,"w":615,"h":122},
	"sourceSize": {"w":615,"h":122}
},
"story mode basic0006":
{
	"frame": {"x":0,"y":1388,"w":615,"h":122},
	"rotated": false,
	"trimmed": false,
	"spriteSourceSize": {"x":0,"y":0,"w":615,"h":122},
	"sourceSize": {"w":615,"h":122}
},
"story mode basic0007":
{
	"frame": {"x":0,"y":1388,"w":615,"h":122},
	"rotated": false,
	"trimmed": false,
	"spriteSourceSize": {"x":0,"y":0,"w":615,"h":122},
	"sourceSize": {"w":615,"h":122}
},
"story mode basic0008":
{
	"frame": {"x":0,"y":1388,"w":615,"h":122},
	"rotated": false,
	"trimmed": false,
	"spriteSourceSize": {"x":0,"y":0,"w":615,"h":122},
	"sourceSize": {"w":615,"h":122}
},
"story mode white0000":
{
	"frame": {"x":615,"y":1388,"w":796,"h":173},
	"rotated": false,
	"trimmed": true,
	"spriteSourceSize": {"x":0,"y":3,"w":796,"h":181},
	"sourceSize": {"w":796,"h":181}
},
"story mode white0001":
{
	"frame": {"x":0,"y":1561,"w":794,"h":174},
	"rotated": false,
	"trimmed": true,
	"spriteSourceSize": {"x":2,"y":2,"w":796,"h":181},
	"sourceSize": {"w":796,"h":181}
},
"story mode white0002":
{
	"frame": {"x":794,"y":1561,"w":794,"h":181},
	"rotated": false,
	"trimmed": true,
	"spriteSourceSize": {"x":0,"y":0,"w":796,"h":181},
	"sourceSize": {"w":796,"h":181}
}},
"meta": {
	"app": "Adobe Animate",
	"version": "19.2.1.408",
	"image": "FNF_main_menu_assets.png",
	"format": "RGBA8888",
	"size": {"w":2048,"h":2048},
	"scale": "1"
}
}
