<?xml version="1.0" encoding="utf-8"?>
<TextureAtlas imagePath="prompt-ng_login.png">
	<!-- Created with Adobe Animate version 19.2.1.408 -->
	<!-- http://www.adobe.com/products/animate.html -->
	<SubTexture name="back0000" x="2" y="2" width="1157" height="645"/>
	<SubTexture name="no idle0000" x="1161" y="2" width="210" height="197"/>
	<SubTexture name="no selected0000" x="1373" y="2" width="210" height="197" frameX="-1" frameY="-14" frameWidth="212" frameHeight="215"/>
	<SubTexture name="no selected0001" x="1585" y="2" width="212" height="194" frameX="0" frameY="-10" frameWidth="212" frameHeight="215"/>
	<SubTexture name="no selected0002" x="1799" y="2" width="210" height="215" frameX="0" frameY="0" frameWidth="212" frameHeight="215"/>
	<SubTexture name="ok idle0000" x="2" y="649" width="231" height="167"/>
	<SubTexture name="ok selected0000" x="235" y="649" width="231" height="167" frameX="0" frameY="-9" frameWidth="238" frameHeight="181"/>
	<SubTexture name="ok selected0001" x="468" y="649" width="206" height="165" frameX="-21" frameY="-9" frameWidth="238" frameHeight="181"/>
	<SubTexture name="ok selected0002" x="676" y="649" width="220" height="181" frameX="-18" frameY="0" frameWidth="238" frameHeight="181"/>
	<SubTexture name="yes idle0000" x="898" y="649" width="303" height="205"/>
	<SubTexture name="yes selected0000" x="1203" y="649" width="303" height="205" frameX="-13" frameY="-19" frameWidth="340" frameHeight="230"/>
	<SubTexture name="yes selected0001" x="1508" y="649" width="330" height="230" frameX="-8" frameY="0" frameWidth="340" frameHeight="230"/>
	<SubTexture name="yes selected0002" x="2" y="881" width="340" height="214" frameX="0" frameY="-12" frameWidth="340" frameHeight="230"/>
</TextureAtlas>
