<?xml version="1.0" encoding="utf-8"?>
<TextureAtlas imagePath="titleEnter.png">
	<!-- Created with Adobe Animate version 20.0.0.17400 -->
	<!-- http://www.adobe.com/products/animate.html -->
	<SubTexture name="ENTER PRESSED0000" x="0" y="0" width="1477" height="79"/>
	<SubTexture name="ENTER PRESSED0001" x="1487" y="0" width="1477" height="79"/>
	<SubTexture name="ENTER PRESSED0002" x="0" y="0" width="1477" height="79"/>
	<SubTexture name="ENTER PRESSED0003" x="1487" y="0" width="1477" height="79"/>
	<SubTexture name="ENTER PRESSED0004" x="0" y="0" width="1477" height="79"/>
	<SubTexture name="ENTER PRESSED0005" x="1487" y="0" width="1477" height="79"/>
	<SubTexture name="ENTER PRESSED0006" x="1487" y="0" width="1477" height="79"/>
	<SubTexture name="ENTER PRESSED0007" x="0" y="0" width="1477" height="79"/>
	<SubTexture name="ENTER PRESSED0008" x="1487" y="0" width="1477" height="79"/>
	<SubTexture name="Press Enter to Begin0000" x="0" y="89" width="1495" height="96"/>
	<SubTexture name="Press Enter to Begin0001" x="1505" y="89" width="1495" height="96"/>
	<SubTexture name="Press Enter to Begin0002" x="0" y="195" width="1495" height="96"/>
	<SubTexture name="Press Enter to Begin0003" x="1505" y="195" width="1495" height="96"/>
	<SubTexture name="Press Enter to Begin0004" x="0" y="301" width="1495" height="96"/>
	<SubTexture name="Press Enter to Begin0005" x="1505" y="301" width="1495" height="96"/>
	<SubTexture name="Press Enter to Begin0006" x="0" y="407" width="1495" height="96"/>
	<SubTexture name="Press Enter to Begin0007" x="1505" y="407" width="1495" height="96"/>
	<SubTexture name="Press Enter to Begin0008" x="0" y="513" width="1495" height="96"/>
	<SubTexture name="Press Enter to Begin0009" x="1505" y="513" width="1495" height="96"/>
	<SubTexture name="Press Enter to Begin0010" x="0" y="619" width="1495" height="96"/>
	<SubTexture name="Press Enter to Begin0011" x="1505" y="619" width="1495" height="96"/>
	<SubTexture name="Press Enter to Begin0012" x="0" y="725" width="1495" height="96"/>
	<SubTexture name="Press Enter to Begin0013" x="1505" y="725" width="1495" height="96"/>
	<SubTexture name="Press Enter to Begin0014" x="0" y="831" width="1495" height="96"/>
	<SubTexture name="Press Enter to Begin0015" x="1505" y="831" width="1495" height="96"/>
	<SubTexture name="Press Enter to Begin0016" x="0" y="937" width="1495" height="96"/>
	<SubTexture name="Press Enter to Begin0017" x="1505" y="937" width="1495" height="96"/>
	<SubTexture name="Press Enter to Begin0018" x="0" y="1043" width="1495" height="96"/>
	<SubTexture name="Press Enter to Begin0019" x="1505" y="1043" width="1495" height="96"/>
	<SubTexture name="Press Enter to Begin0020" x="0" y="1149" width="1495" height="96"/>
	<SubTexture name="Press Enter to Begin0021" x="1505" y="1149" width="1495" height="96"/>
	<SubTexture name="Press Enter to Begin0022" x="0" y="1255" width="1495" height="96"/>
	<SubTexture name="Press Enter to Begin0023" x="0" y="1255" width="1495" height="96"/>
	<SubTexture name="Press Enter to Begin0024" x="1505" y="1255" width="1495" height="96"/>
	<SubTexture name="Press Enter to Begin0025" x="0" y="1149" width="1495" height="96"/>
	<SubTexture name="Press Enter to Begin0026" x="0" y="1361" width="1495" height="96"/>
	<SubTexture name="Press Enter to Begin0027" x="1505" y="1361" width="1495" height="96"/>
	<SubTexture name="Press Enter to Begin0028" x="0" y="1467" width="1495" height="96"/>
	<SubTexture name="Press Enter to Begin0029" x="1505" y="1467" width="1495" height="96"/>
	<SubTexture name="Press Enter to Begin0030" x="0" y="1573" width="1495" height="96"/>
	<SubTexture name="Press Enter to Begin0031" x="1505" y="1573" width="1495" height="96"/>
	<SubTexture name="Press Enter to Begin0032" x="0" y="1679" width="1495" height="96"/>
	<SubTexture name="Press Enter to Begin0033" x="1505" y="1679" width="1495" height="96"/>
	<SubTexture name="Press Enter to Begin0034" x="0" y="1785" width="1495" height="96"/>
	<SubTexture name="Press Enter to Begin0035" x="1505" y="1785" width="1495" height="96"/>
	<SubTexture name="Press Enter to Begin0036" x="0" y="1891" width="1495" height="96"/>
	<SubTexture name="Press Enter to Begin0037" x="1505" y="1891" width="1495" height="96"/>
	<SubTexture name="Press Enter to Begin0038" x="0" y="1997" width="1495" height="96"/>
	<SubTexture name="Press Enter to Begin0039" x="1505" y="1997" width="1495" height="96"/>
	<SubTexture name="Press Enter to Begin0040" x="0" y="2103" width="1495" height="96"/>
	<SubTexture name="Press Enter to Begin0041" x="1505" y="2103" width="1495" height="96"/>
	<SubTexture name="Press Enter to Begin0042" x="0" y="2209" width="1495" height="96"/>
	<SubTexture name="Press Enter to Begin0043" x="1505" y="2209" width="1495" height="96"/>
	<SubTexture name="Press Enter to Begin0044" x="0" y="89" width="1495" height="96"/>
</TextureAtlas>
