{"song":{"song":"Ridge","notes":[{"lengthInSteps":16,"bpm":95,"changeBPM":false,"mustHitSection":true,"sectionNotes":[],"typeOfSection":0},{"lengthInSteps":16,"bpm":145,"changeBPM":false,"mustHitSection":true,"sectionNotes":[],"typeOfSection":0},{"lengthInSteps":16,"bpm":145,"changeBPM":false,"mustHitSection":true,"sectionNotes":[],"typeOfSection":0},{"lengthInSteps":16,"bpm":145,"changeBPM":false,"mustHitSection":true,"sectionNotes":[],"typeOfSection":0},{"lengthInSteps":16,"bpm":145,"changeBPM":false,"mustHitSection":false,"sectionNotes":[[7138,0,0],[7345,2,0],[7552,3,0],[7759,0,0],[7862,3,315.7894736842105]],"typeOfSection":0},{"lengthInSteps":16,"bpm":145,"changeBPM":false,"mustHitSection":false,"sectionNotes":[[8793,1,0],[8897,3,0],[9103,3,0],[9310,2,0],[9517,3,0],[9724,0,0]],"typeOfSection":0},{"lengthInSteps":16,"bpm":145,"changeBPM":false,"mustHitSection":false,"sectionNotes":[[9936,3,1578.947368421053]],"typeOfSection":0},{"lengthInSteps":16,"bpm":145,"changeBPM":false,"mustHitSection":false,"sectionNotes":[[11897,1,517.2413793103449],[12310,3,0],[12517,1,310.3448275862069],[12828,0,0],[13034,1,258.62068965517244]],"typeOfSection":0},{"lengthInSteps":16,"bpm":145,"changeBPM":false,"mustHitSection":true,"sectionNotes":[[13862,1,0],[14069,3,0],[14276,0,0],[14379,1,0],[14586,3,465.51724137931035]],"typeOfSection":0},{"lengthInSteps":16,"bpm":145,"changeBPM":false,"mustHitSection":true,"sectionNotes":[[15517,1,0],[15621,3,0],[15828,0,0],[16034,0,0],[16241,3,0],[16448,0,0]],"typeOfSection":0},{"lengthInSteps":16,"bpm":145,"changeBPM":false,"mustHitSection":true,"sectionNotes":[[16655,2,413.7931034482759],[17172,1,103.44827586206898],[17379,0,1344.8275862068967]],"typeOfSection":0},{"lengthInSteps":16,"bpm":145,"changeBPM":false,"mustHitSection":true,"sectionNotes":[[18517,1,0],[18724,2,620.689655172414]],"typeOfSection":0},{"lengthInSteps":16,"bpm":145,"changeBPM":false,"mustHitSection":true,"sectionNotes":[[20483,0,0],[20483,4,0],[20586,3,0],[20586,7,0],[20793,2,0],[20793,6,0],[21000,3,0],[21000,7,0],[21207,0,0],[21207,4,0]],"typeOfSection":0},{"lengthInSteps":16,"bpm":145,"changeBPM":false,"mustHitSection":true,"sectionNotes":[[22138,2,0],[22345,3,0],[22345,7,0],[22138,6,0],[22552,3,0],[22552,7,0],[22759,1,0],[22759,5,0],[22966,0,0],[22966,4,0]],"typeOfSection":0},{"lengthInSteps":16,"bpm":145,"changeBPM":false,"mustHitSection":true,"sectionNotes":[[23185,1,0],[23188,5,0],[23483,7,310.3448275862069],[23483,3,310.3448275862069],[23793,1,0],[24000,2,0],[24000,6,0],[24207,2,0],[24207,6,0],[24414,4,310.3448275862069],[24414,0,310.3448275862069]],"typeOfSection":0},{"lengthInSteps":16,"bpm":145,"changeBPM":false,"mustHitSection":false,"sectionNotes":[[25655,0,0],[26069,3,0],[26276,2,310.3448275862069],[26172,1,0],[25862,1,103.44827586206897]],"typeOfSection":0},{"lengthInSteps":16,"bpm":145,"changeBPM":false,"mustHitSection":false,"sectionNotes":[[26793,3,0],[27207,0,0],[27310,1,1137.931034482759]],"typeOfSection":0},{"lengthInSteps":16,"bpm":145,"changeBPM":false,"mustHitSection":false,"sectionNotes":[[29172,2,413.7931034482759]],"typeOfSection":0},{"lengthInSteps":16,"bpm":145,"changeBPM":false,"mustHitSection":true,"sectionNotes":[],"typeOfSection":0},{"lengthInSteps":16,"bpm":145,"changeBPM":false,"mustHitSection":true,"sectionNotes":[],"typeOfSection":0},{"lengthInSteps":16,"bpm":145,"changeBPM":false,"mustHitSection":true,"sectionNotes":[],"typeOfSection":0},{"lengthInSteps":16,"bpm":145,"changeBPM":false,"mustHitSection":true,"sectionNotes":[],"typeOfSection":0},{"lengthInSteps":16,"bpm":145,"changeBPM":false,"mustHitSection":true,"sectionNotes":[[37138,3,0],[37241,1,0],[37448,0,0],[37655,0,0],[37862,1,0]],"typeOfSection":0},{"lengthInSteps":16,"bpm":145,"changeBPM":false,"mustHitSection":true,"sectionNotes":[[38087,3,0],[38379,2,310.3448275862069],[38793,1,206.89655172413794],[39103,2,1086.2068965517246]],"typeOfSection":0},{"lengthInSteps":16,"bpm":145,"changeBPM":false,"mustHitSection":true,"sectionNotes":[[40345,3,0],[40448,2,724.137931034483],[41276,2,465.51724137931035]],"typeOfSection":0},{"lengthInSteps":16,"bpm":145,"changeBPM":false,"mustHitSection":true,"sectionNotes":[[42103,0,0],[42103,4,0],[42310,7,0],[42310,3,0],[42517,5,0],[42517,1,0],[42724,3,0],[42724,7,0],[42828,6,0],[42828,2,0]],"typeOfSection":0},{"lengthInSteps":16,"bpm":145,"changeBPM":false,"mustHitSection":true,"sectionNotes":[],"typeOfSection":0},{"lengthInSteps":16,"bpm":145,"changeBPM":false,"mustHitSection":true,"sectionNotes":[[45517,0,0],[45724,3,0],[45517,4,0],[45724,7,0],[45931,5,0],[45931,1,0],[46138,6,0],[46138,2,0],[46034,7,0],[46034,3,0]],"typeOfSection":0},{"lengthInSteps":16,"bpm":145,"changeBPM":false,"mustHitSection":true,"sectionNotes":[[47172,1,0],[47172,5,0],[47379,7,0],[47379,3,0],[47483,2,0],[47483,6,0],[47690,2,0],[47690,6,0],[47897,0,0],[47897,4,0]],"typeOfSection":0},{"lengthInSteps":16,"bpm":145,"changeBPM":false,"mustHitSection":true,"sectionNotes":[[48008,1,0],[48008,5,0],[48414,3,0],[48414,7,0]],"typeOfSection":0},{"lengthInSteps":16,"bpm":145,"changeBPM":false,"mustHitSection":true,"sectionNotes":[],"typeOfSection":0},{"lengthInSteps":16,"bpm":145,"changeBPM":false,"mustHitSection":false,"sectionNotes":[[51828,2,0],[52448,0,0],[52655,3,0],[52138,1,0],[52862,0,0]],"typeOfSection":0},{"lengthInSteps":16,"bpm":145,"changeBPM":false,"mustHitSection":false,"sectionNotes":[[53172,2,413.7931034482759],[53690,0,206.89655172413794],[54414,4,0]],"typeOfSection":0},{"lengthInSteps":16,"bpm":145,"changeBPM":false,"mustHitSection":true,"sectionNotes":[[54621,3,0],[54828,0,517.2413793103449],[55448,1,1189.6551724137935]],"typeOfSection":0},{"lengthInSteps":16,"bpm":145,"changeBPM":false,"mustHitSection":true,"sectionNotes":[[57000,3,0],[57000,7,0],[57207,1,0],[57207,5,0],[57414,7,0],[57414,3,0],[57621,2,0],[57621,6,0],[57828,0,413.7931034482759],[57828,4,413.7931034482759]],"typeOfSection":0},{"lengthInSteps":16,"bpm":145,"changeBPM":false,"mustHitSection":false,"sectionNotes":[[58448,2,206.89655172413794],[58759,3,206.89655172413794],[59172,0,206.89655172413794],[59483,0,0]],"typeOfSection":0},{"lengthInSteps":16,"bpm":145,"changeBPM":false,"mustHitSection":false,"sectionNotes":[[59690,1,0],[59897,2,517.2413793103449],[60517,0,206.89655172413794],[61138,0,0]],"typeOfSection":0},{"lengthInSteps":16,"bpm":145,"changeBPM":false,"mustHitSection":true,"sectionNotes":[[61345,1,0],[61552,2,517.2413793103449],[62172,0,982.7586206896557]],"typeOfSection":0},{"lengthInSteps":16,"bpm":145,"changeBPM":false,"mustHitSection":true,"sectionNotes":[[63621,2,0],[63828,3,0],[64034,0,0],[64138,3,0],[64345,1,0]],"typeOfSection":0},{"lengthInSteps":16,"bpm":145,"changeBPM":false,"mustHitSection":false,"sectionNotes":[[65172,2,0],[65483,3,0],[65897,3,0],[66103,0,0],[64552,5,310.3448275862069]],"typeOfSection":0},{"lengthInSteps":16,"bpm":145,"changeBPM":false,"mustHitSection":false,"sectionNotes":[[66310,1,0],[66517,2,465.51724137931035],[67138,0,568.9655172413794],[67759,0,0]],"typeOfSection":0},{"lengthInSteps":16,"bpm":145,"changeBPM":false,"mustHitSection":false,"sectionNotes":[[67965.1724137931,1,0],[68172.1724137931,2,465.51724137931035],[68793.1724137931,0,568.9655172413794]],"typeOfSection":0},{"lengthInSteps":16,"bpm":145,"changeBPM":false,"mustHitSection":true,"sectionNotes":[[70345,0,0],[70345,7,0],[70552,3,0],[70552,4,0],[70759,0,0],[70759,7,0],[70862,1,0],[70862,5,0],[71069,6,0],[71069,2,0]],"typeOfSection":0},{"lengthInSteps":16,"bpm":145,"changeBPM":false,"mustHitSection":true,"sectionNotes":[[71276,0,0],[71276,7,0],[71689.37931034483,2,206.89655172413794],[72000.37931034483,3,206.89655172413794],[72413.37931034483,0,206.89655172413794],[72724.37931034483,0,0]],"typeOfSection":0},{"lengthInSteps":16,"bpm":145,"changeBPM":false,"mustHitSection":true,"sectionNotes":[[72931.37931034483,1,0],[73138.37931034483,2,517.2413793103449],[73758.37931034483,0,206.89655172413794],[74379.37931034483,0,0]],"typeOfSection":0},{"lengthInSteps":16,"bpm":145,"changeBPM":false,"mustHitSection":true,"sectionNotes":[[74586.37931034483,1,0],[74793.37931034483,2,517.2413793103449],[75413.37931034483,0,982.7586206896557]],"typeOfSection":0},{"lengthInSteps":16,"bpm":145,"changeBPM":false,"mustHitSection":true,"sectionNotes":[[76552,3,0],[76655,0,672.4137931034485],[77379,2,310.3448275862069]],"typeOfSection":0},{"lengthInSteps":16,"bpm":145,"changeBPM":false,"mustHitSection":true,"sectionNotes":[[78310,0,0],[78310,4,0],[78517,7,0],[78517,3,0]],"typeOfSection":0},{"lengthInSteps":16,"bpm":145,"changeBPM":false,"mustHitSection":false,"sectionNotes":[[79456,2,568.9655172413794],[80069,1,258.62068965517244]],"typeOfSection":0},{"lengthInSteps":16,"bpm":145,"changeBPM":false,"mustHitSection":true,"sectionNotes":[[81116,6,517.2413793103449],[81724,0,0],[81931,7,0],[81724,4,0],[81931,3,0],[81109,2,517.2413793103449],[82345,5,0],[82552,6,362.0689655172414]],"typeOfSection":0},{"lengthInSteps":16,"bpm":145,"changeBPM":false,"mustHitSection":false,"sectionNotes":[[82862,3,0],[83069,0,258.62068965517244],[83379,1,0],[83586,3,413.7931034482759],[84000,4,0],[84103,5,0],[84207,6,0],[84310,7,0]],"typeOfSection":0},{"lengthInSteps":16,"bpm":145,"changeBPM":false,"mustHitSection":true,"sectionNotes":[[84414,3,0],[84621,2,0],[84828,1,0],[85034,0,0],[85241,0,0],[85448,2,1655.1724137931035]],"typeOfSection":0},{"lengthInSteps":16,"bpm":145,"changeBPM":false,"mustHitSection":true,"sectionNotes":[],"typeOfSection":0},{"lengthInSteps":16,"bpm":145,"changeBPM":false,"mustHitSection":true,"sectionNotes":[],"typeOfSection":0},{"lengthInSteps":16,"bpm":145,"changeBPM":false,"mustHitSection":true,"sectionNotes":[[90724,2,0],[90931,0,0]],"typeOfSection":0},{"lengthInSteps":16,"bpm":145,"changeBPM":false,"mustHitSection":true,"sectionNotes":[[91192,1,0],[91552,3,0],[91966,3,0],[92172,0,0],[92379,2,775.8620689655176]],"typeOfSection":0},{"lengthInSteps":16,"bpm":145,"changeBPM":false,"mustHitSection":true,"sectionNotes":[[93000,1,0],[93103,2,620.689655172414],[94241,7,0],[94138,6,0]],"typeOfSection":0},{"lengthInSteps":16,"bpm":145,"changeBPM":false,"mustHitSection":false,"sectionNotes":[[94345,0,0],[94552,1,0],[94759,3,0],[94966,1,0],[95172,0,0],[95379,2,0],[95586,3,0],[95793,0,672.4137931034485]],"typeOfSection":0},{"lengthInSteps":16,"bpm":145,"changeBPM":false,"mustHitSection":true,"sectionNotes":[[96517,2,0],[96724,1,465.51724137931035]],"typeOfSection":0},{"lengthInSteps":16,"bpm":145,"changeBPM":false,"mustHitSection":false,"sectionNotes":[[97663,2,310.344827586207],[98586,4,0],[98897,7,0],[99103,4,258.62068965517244]],"typeOfSection":0},{"lengthInSteps":16,"bpm":145,"changeBPM":false,"mustHitSection":true,"sectionNotes":[[100345,0,0],[100655,3,0],[100862,0,413.7931034482759]],"typeOfSection":0},{"lengthInSteps":16,"bpm":145,"changeBPM":false,"mustHitSection":true,"sectionNotes":[[101379,2,0],[101586,0,362.0689655172414]],"typeOfSection":0},{"lengthInSteps":16,"bpm":145,"changeBPM":false,"mustHitSection":false,"sectionNotes":[[103448,0,0],[103862,3,0],[104172,2,568.9655172413794]],"typeOfSection":0},{"lengthInSteps":16,"bpm":145,"changeBPM":false,"mustHitSection":true,"sectionNotes":[[104897,3,0],[105000,2,724.137931034483]],"typeOfSection":0},{"lengthInSteps":16,"bpm":145,"changeBPM":false,"mustHitSection":false,"sectionNotes":[[106138,1,0]],"typeOfSection":0},{"lengthInSteps":16,"bpm":145,"changeBPM":false,"mustHitSection":true,"sectionNotes":[],"typeOfSection":0}],"bpm":145,"sections":0,"needsVoices":true,"player1":"bf","player2":"dad","sectionLengths":[],"speed":1.3000000000000003},"bpm":145,"sections":66,"notes":[{"lengthInSteps":16,"bpm":95,"changeBPM":false,"mustHitSection":true,"sectionNotes":[],"typeOfSection":0},{"lengthInSteps":16,"bpm":145,"changeBPM":false,"mustHitSection":true,"sectionNotes":[],"typeOfSection":0},{"lengthInSteps":16,"bpm":145,"changeBPM":false,"mustHitSection":true,"sectionNotes":[],"typeOfSection":0},{"lengthInSteps":16,"bpm":145,"changeBPM":false,"mustHitSection":true,"sectionNotes":[],"typeOfSection":0},{"lengthInSteps":16,"bpm":145,"changeBPM":false,"mustHitSection":false,"sectionNotes":[[7138,0,0],[7345,2,0],[7552,3,0],[7759,0,0],[7862,3,315.7894736842105]],"typeOfSection":0},{"lengthInSteps":16,"bpm":145,"changeBPM":false,"mustHitSection":false,"sectionNotes":[[8793,1,0],[8897,3,0],[9103,3,0],[9310,2,0],[9517,3,0],[9724,0,0]],"typeOfSection":0},{"lengthInSteps":16,"bpm":145,"changeBPM":false,"mustHitSection":false,"sectionNotes":[[9936,3,1578.947368421053]],"typeOfSection":0},{"lengthInSteps":16,"bpm":145,"changeBPM":false,"mustHitSection":false,"sectionNotes":[[11897,1,517.2413793103449],[12310,3,0],[12517,1,310.3448275862069],[12828,0,0],[13034,1,258.62068965517244]],"typeOfSection":0},{"lengthInSteps":16,"bpm":145,"changeBPM":false,"mustHitSection":true,"sectionNotes":[[13862,1,0],[14069,3,0],[14276,0,0],[14379,1,0],[14586,3,465.51724137931035]],"typeOfSection":0},{"lengthInSteps":16,"bpm":145,"changeBPM":false,"mustHitSection":true,"sectionNotes":[[15517,1,0],[15621,3,0],[15828,0,0],[16034,0,0],[16241,3,0],[16448,0,0]],"typeOfSection":0},{"lengthInSteps":16,"bpm":145,"changeBPM":false,"mustHitSection":true,"sectionNotes":[[16655,2,413.7931034482759],[17172,1,103.44827586206898],[17379,0,1344.8275862068967]],"typeOfSection":0},{"lengthInSteps":16,"bpm":145,"changeBPM":false,"mustHitSection":true,"sectionNotes":[[18517,1,0],[18724,2,620.689655172414]],"typeOfSection":0},{"lengthInSteps":16,"bpm":145,"changeBPM":false,"mustHitSection":true,"sectionNotes":[[20483,0,0],[20483,4,0],[20586,3,0],[20586,7,0],[20793,2,0],[20793,6,0],[21000,3,0],[21000,7,0],[21207,0,0],[21207,4,0]],"typeOfSection":0},{"lengthInSteps":16,"bpm":145,"changeBPM":false,"mustHitSection":true,"sectionNotes":[[22138,2,0],[22345,3,0],[22345,7,0],[22138,6,0],[22552,3,0],[22552,7,0],[22759,1,0],[22759,5,0],[22966,0,0],[22966,4,0]],"typeOfSection":0},{"lengthInSteps":16,"bpm":145,"changeBPM":false,"mustHitSection":true,"sectionNotes":[[23185,1,0],[23188,5,0],[23483,7,310.3448275862069],[23483,3,310.3448275862069],[23793,1,0],[24000,2,0],[24000,6,0],[24207,2,0],[24207,6,0],[24414,4,310.3448275862069],[24414,0,310.3448275862069]],"typeOfSection":0},{"lengthInSteps":16,"bpm":145,"changeBPM":false,"mustHitSection":false,"sectionNotes":[[25655,0,0],[26069,3,0],[26276,2,310.3448275862069],[26172,1,0],[25862,1,103.44827586206897]],"typeOfSection":0},{"lengthInSteps":16,"bpm":145,"changeBPM":false,"mustHitSection":false,"sectionNotes":[[26793,3,0],[27207,0,0],[27310,1,1137.931034482759]],"typeOfSection":0},{"lengthInSteps":16,"bpm":145,"changeBPM":false,"mustHitSection":false,"sectionNotes":[[29172,2,413.7931034482759]],"typeOfSection":0},{"lengthInSteps":16,"bpm":145,"changeBPM":false,"mustHitSection":true,"sectionNotes":[],"typeOfSection":0},{"lengthInSteps":16,"bpm":145,"changeBPM":false,"mustHitSection":true,"sectionNotes":[],"typeOfSection":0},{"lengthInSteps":16,"bpm":145,"changeBPM":false,"mustHitSection":true,"sectionNotes":[],"typeOfSection":0},{"lengthInSteps":16,"bpm":145,"changeBPM":false,"mustHitSection":true,"sectionNotes":[],"typeOfSection":0},{"lengthInSteps":16,"bpm":145,"changeBPM":false,"mustHitSection":true,"sectionNotes":[[37138,3,0],[37241,1,0],[37448,0,0],[37655,0,0],[37862,1,0]],"typeOfSection":0},{"lengthInSteps":16,"bpm":145,"changeBPM":false,"mustHitSection":true,"sectionNotes":[[38087,3,0],[38379,2,310.3448275862069],[38793,1,206.89655172413794],[39103,2,1086.2068965517246]],"typeOfSection":0},{"lengthInSteps":16,"bpm":145,"changeBPM":false,"mustHitSection":true,"sectionNotes":[[40345,3,0],[40448,2,724.137931034483],[41276,2,465.51724137931035]],"typeOfSection":0},{"lengthInSteps":16,"bpm":145,"changeBPM":false,"mustHitSection":true,"sectionNotes":[[42103,0,0],[42103,4,0],[42310,7,0],[42310,3,0],[42517,5,0],[42517,1,0],[42724,3,0],[42724,7,0],[42828,6,0],[42828,2,0]],"typeOfSection":0},{"lengthInSteps":16,"bpm":145,"changeBPM":false,"mustHitSection":true,"sectionNotes":[],"typeOfSection":0},{"lengthInSteps":16,"bpm":145,"changeBPM":false,"mustHitSection":true,"sectionNotes":[[45517,0,0],[45724,3,0],[45517,4,0],[45724,7,0],[45931,5,0],[45931,1,0],[46138,6,0],[46138,2,0],[46034,7,0],[46034,3,0]],"typeOfSection":0},{"lengthInSteps":16,"bpm":145,"changeBPM":false,"mustHitSection":true,"sectionNotes":[[47172,1,0],[47172,5,0],[47379,7,0],[47379,3,0],[47483,2,0],[47483,6,0],[47690,2,0],[47690,6,0],[47897,0,0],[47897,4,0]],"typeOfSection":0},{"lengthInSteps":16,"bpm":145,"changeBPM":false,"mustHitSection":true,"sectionNotes":[[48008,1,0],[48008,5,0],[48414,3,0],[48414,7,0]],"typeOfSection":0},{"lengthInSteps":16,"bpm":145,"changeBPM":false,"mustHitSection":true,"sectionNotes":[],"typeOfSection":0},{"lengthInSteps":16,"bpm":145,"changeBPM":false,"mustHitSection":false,"sectionNotes":[[51828,2,0],[52448,0,0],[52655,3,0],[52138,1,0],[52862,0,0]],"typeOfSection":0},{"lengthInSteps":16,"bpm":145,"changeBPM":false,"mustHitSection":false,"sectionNotes":[[53172,2,413.7931034482759],[53690,0,206.89655172413794],[54414,4,0]],"typeOfSection":0},{"lengthInSteps":16,"bpm":145,"changeBPM":false,"mustHitSection":true,"sectionNotes":[[54621,3,0],[54828,0,517.2413793103449],[55448,1,1189.6551724137935]],"typeOfSection":0},{"lengthInSteps":16,"bpm":145,"changeBPM":false,"mustHitSection":true,"sectionNotes":[[57000,3,0],[57000,7,0],[57207,1,0],[57207,5,0],[57414,7,0],[57414,3,0],[57621,2,0],[57621,6,0],[57828,0,413.7931034482759],[57828,4,413.7931034482759]],"typeOfSection":0},{"lengthInSteps":16,"bpm":145,"changeBPM":false,"mustHitSection":false,"sectionNotes":[[58448,2,206.89655172413794],[58759,3,206.89655172413794],[59172,0,206.89655172413794],[59483,0,0]],"typeOfSection":0},{"lengthInSteps":16,"bpm":145,"changeBPM":false,"mustHitSection":false,"sectionNotes":[[59690,1,0],[59897,2,517.2413793103449],[60517,0,206.89655172413794],[61138,0,0]],"typeOfSection":0},{"lengthInSteps":16,"bpm":145,"changeBPM":false,"mustHitSection":true,"sectionNotes":[[61345,1,0],[61552,2,517.2413793103449],[62172,0,982.7586206896557]],"typeOfSection":0},{"lengthInSteps":16,"bpm":145,"changeBPM":false,"mustHitSection":true,"sectionNotes":[[63621,2,0],[63828,3,0],[64034,0,0],[64138,3,0],[64345,1,0]],"typeOfSection":0},{"lengthInSteps":16,"bpm":145,"changeBPM":false,"mustHitSection":false,"sectionNotes":[[65172,2,0],[65483,3,0],[65897,3,0],[66103,0,0],[64552,5,310.3448275862069]],"typeOfSection":0},{"lengthInSteps":16,"bpm":145,"changeBPM":false,"mustHitSection":false,"sectionNotes":[[66310,1,0],[66517,2,465.51724137931035],[67138,0,568.9655172413794],[67759,0,0]],"typeOfSection":0},{"lengthInSteps":16,"bpm":145,"changeBPM":false,"mustHitSection":false,"sectionNotes":[[67965.1724137931,1,0],[68172.1724137931,2,465.51724137931035],[68793.1724137931,0,568.9655172413794]],"typeOfSection":0},{"lengthInSteps":16,"bpm":145,"changeBPM":false,"mustHitSection":true,"sectionNotes":[[70345,0,0],[70345,7,0],[70552,3,0],[70552,4,0],[70759,0,0],[70759,7,0],[70862,1,0],[70862,5,0],[71069,6,0],[71069,2,0]],"typeOfSection":0},{"lengthInSteps":16,"bpm":145,"changeBPM":false,"mustHitSection":true,"sectionNotes":[[71276,0,0],[71276,7,0],[71689.37931034483,2,206.89655172413794],[72000.37931034483,3,206.89655172413794],[72413.37931034483,0,206.89655172413794],[72724.37931034483,0,0]],"typeOfSection":0},{"lengthInSteps":16,"bpm":145,"changeBPM":false,"mustHitSection":true,"sectionNotes":[[72931.37931034483,1,0],[73138.37931034483,2,517.2413793103449],[73758.37931034483,0,206.89655172413794],[74379.37931034483,0,0]],"typeOfSection":0},{"lengthInSteps":16,"bpm":145,"changeBPM":false,"mustHitSection":true,"sectionNotes":[[74586.37931034483,1,0],[74793.37931034483,2,517.2413793103449],[75413.37931034483,0,982.7586206896557]],"typeOfSection":0},{"lengthInSteps":16,"bpm":145,"changeBPM":false,"mustHitSection":true,"sectionNotes":[[76552,3,0],[76655,0,672.4137931034485],[77379,2,310.3448275862069]],"typeOfSection":0},{"lengthInSteps":16,"bpm":145,"changeBPM":false,"mustHitSection":true,"sectionNotes":[[78310,0,0],[78310,4,0],[78517,7,0],[78517,3,0]],"typeOfSection":0},{"lengthInSteps":16,"bpm":145,"changeBPM":false,"mustHitSection":false,"sectionNotes":[[79456,2,568.9655172413794],[80069,1,258.62068965517244]],"typeOfSection":0},{"lengthInSteps":16,"bpm":145,"changeBPM":false,"mustHitSection":true,"sectionNotes":[[81116,6,517.2413793103449],[81724,0,0],[81931,7,0],[81724,4,0],[81931,3,0],[81109,2,517.2413793103449],[82345,5,0],[82552,6,362.0689655172414]],"typeOfSection":0},{"lengthInSteps":16,"bpm":145,"changeBPM":false,"mustHitSection":false,"sectionNotes":[[82862,3,0],[83069,0,258.62068965517244],[83379,1,0],[83586,3,413.7931034482759],[84000,4,0],[84103,5,0],[84207,6,0],[84310,7,0]],"typeOfSection":0},{"lengthInSteps":16,"bpm":145,"changeBPM":false,"mustHitSection":true,"sectionNotes":[[84414,3,0],[84621,2,0],[84828,1,0],[85034,0,0],[85241,0,0],[85448,2,1655.1724137931035]],"typeOfSection":0},{"lengthInSteps":16,"bpm":145,"changeBPM":false,"mustHitSection":true,"sectionNotes":[],"typeOfSection":0},{"lengthInSteps":16,"bpm":145,"changeBPM":false,"mustHitSection":true,"sectionNotes":[],"typeOfSection":0},{"lengthInSteps":16,"bpm":145,"changeBPM":false,"mustHitSection":true,"sectionNotes":[[90724,2,0],[90931,0,0]],"typeOfSection":0},{"lengthInSteps":16,"bpm":145,"changeBPM":false,"mustHitSection":true,"sectionNotes":[[91192,1,0],[91552,3,0],[91966,3,0],[92172,0,0],[92379,2,775.8620689655176]],"typeOfSection":0},{"lengthInSteps":16,"bpm":145,"changeBPM":false,"mustHitSection":true,"sectionNotes":[[93000,1,0],[93103,2,620.689655172414],[94241,7,0],[94138,6,0]],"typeOfSection":0},{"lengthInSteps":16,"bpm":145,"changeBPM":false,"mustHitSection":false,"sectionNotes":[[94345,0,0],[94552,1,0],[94759,3,0],[94966,1,0],[95172,0,0],[95379,2,0],[95586,3,0],[95793,0,672.4137931034485]],"typeOfSection":0},{"lengthInSteps":16,"bpm":145,"changeBPM":false,"mustHitSection":true,"sectionNotes":[[96517,2,0],[96724,1,465.51724137931035]],"typeOfSection":0},{"lengthInSteps":16,"bpm":145,"changeBPM":false,"mustHitSection":false,"sectionNotes":[[97663,2,310.344827586207],[98586,4,0],[98897,7,0],[99103,4,258.62068965517244]],"typeOfSection":0},{"lengthInSteps":16,"bpm":145,"changeBPM":false,"mustHitSection":true,"sectionNotes":[[100345,0,0],[100655,3,0],[100862,0,413.7931034482759]],"typeOfSection":0},{"lengthInSteps":16,"bpm":145,"changeBPM":false,"mustHitSection":true,"sectionNotes":[[101379,2,0],[101586,0,362.0689655172414]],"typeOfSection":0},{"lengthInSteps":16,"bpm":145,"changeBPM":false,"mustHitSection":false,"sectionNotes":[[103448,0,0],[103862,3,0],[104172,2,568.9655172413794]],"typeOfSection":0},{"lengthInSteps":16,"bpm":145,"changeBPM":false,"mustHitSection":true,"sectionNotes":[[104897,3,0],[105000,2,724.137931034483]],"typeOfSection":0},{"lengthInSteps":16,"bpm":145,"changeBPM":false,"mustHitSection":false,"sectionNotes":[[106138,1,0]],"typeOfSection":0},{"lengthInSteps":16,"bpm":145,"changeBPM":false,"mustHitSection":true,"sectionNotes":[],"typeOfSection":0}]}