{"ATLAS": {"SPRITES":[ 
{"SPRITE" : {"name": "0000","x":2853,"y":971,"w":327,"h":397,"rotated": false}},
{"SPRITE" : {"name": "0001","x":2449,"y":896,"w":110,"h":159,"rotated": false}},
{"SPRITE" : {"name": "0002","x":3120,"y":1633,"w":197,"h":185,"rotated": false}},
{"SPRITE" : {"name": "0003","x":3973,"y":1406,"w":92,"h":155,"rotated": false}},
{"SPRITE" : {"name": "0004","x":236,"y":1647,"w":274,"h":132,"rotated": false}},
{"SPRITE" : {"name": "0005","x":1811,"y":1826,"w":133,"h":74,"rotated": false}},
{"SPRITE" : {"name": "0006","x":3278,"y":540,"w":121,"h":162,"rotated": false}},
{"SPRITE" : {"name": "0007","x":359,"y":649,"w":518,"h":294,"rotated": false}},
{"SPRITE" : {"name": "0008","x":1959,"y":0,"w":775,"h":483,"rotated": false}},
{"SPRITE" : {"name": "0009","x":1014,"y":0,"w":941,"h":607,"rotated": false}},
{"SPRITE" : {"name": "0010","x":0,"y":0,"w":1010,"h":645,"rotated": false}},
{"SPRITE" : {"name": "0011","x":4067,"y":0,"w":20,"h":142,"rotated": false}},
{"SPRITE" : {"name": "0012","x":4043,"y":438,"w":40,"h":83,"rotated": false}},
{"SPRITE" : {"name": "0013","x":1880,"y":811,"w":64,"h":57,"rotated": false}},
{"SPRITE" : {"name": "0014","x":2589,"y":487,"w":91,"h":48,"rotated": false}},
{"SPRITE" : {"name": "0015","x":1404,"y":1155,"w":88,"h":41,"rotated": false}},
{"SPRITE" : {"name": "0016","x":3441,"y":1501,"w":109,"h":93,"rotated": false}},
{"SPRITE" : {"name": "0017","x":3408,"y":0,"w":655,"h":434,"rotated": false}},
{"SPRITE" : {"name": "0018","x":1959,"y":487,"w":626,"h":405,"rotated": false}},
{"SPRITE" : {"name": "0019","x":3408,"y":438,"w":631,"h":438,"rotated": false}},
{"SPRITE" : {"name": "0020","x":1174,"y":1213,"w":393,"h":287,"rotated": false}},
{"SPRITE" : {"name": "0021","x":2853,"y":540,"w":421,"h":427,"rotated": false}},
{"SPRITE" : {"name": "0022","x":2738,"y":0,"w":666,"h":536,"rotated": false}},
{"SPRITE" : {"name": "0023","x":544,"y":1484,"w":224,"h":221,"rotated": false}},
{"SPRITE" : {"name": "0024","x":1333,"y":1742,"w":186,"h":175,"rotated": false}},
{"SPRITE" : {"name": "0025","x":1496,"y":1155,"w":56,"h":52,"rotated": false}},
{"SPRITE" : {"name": "0026","x":3181,"y":1822,"w":126,"h":104,"rotated": false}},
{"SPRITE" : {"name": "0027","x":3953,"y":1565,"w":135,"h":104,"rotated": false}},
{"SPRITE" : {"name": "0028","x":0,"y":1444,"w":232,"h":236,"rotated": false}},
{"SPRITE" : {"name": "0029","x":3573,"y":1226,"w":139,"h":109,"rotated": false}},
{"SPRITE" : {"name": "0030","x":1527,"y":1629,"w":235,"h":158,"rotated": false}},
{"SPRITE" : {"name": "0031","x":1155,"y":1504,"w":198,"h":233,"rotated": false}},
{"SPRITE" : {"name": "0032","x":881,"y":801,"w":118,"h":117,"rotated": false}},
{"SPRITE" : {"name": "0033","x":1571,"y":1404,"w":262,"h":221,"rotated": false}},
{"SPRITE" : {"name": "0034","x":3673,"y":1744,"w":222,"h":145,"rotated": false}},
{"SPRITE" : {"name": "0035","x":985,"y":1484,"w":166,"h":292,"rotated": false}},
{"SPRITE" : {"name": "0036","x":3673,"y":1598,"w":276,"h":142,"rotated": false}},
{"SPRITE" : {"name": "0037","x":2818,"y":1747,"w":203,"h":138,"rotated": false}},
{"SPRITE" : {"name": "0038","x":236,"y":1473,"w":304,"h":170,"rotated": false}},
{"SPRITE" : {"name": "0039","x":4091,"y":0,"w":1,"h":4,"rotated": false}},
{"SPRITE" : {"name": "0040","x":2449,"y":1059,"w":135,"h":127,"rotated": false}},
{"SPRITE" : {"name": "0041","x":1968,"y":1639,"w":194,"h":180,"rotated": false}},
{"SPRITE" : {"name": "0042","x":3899,"y":1744,"w":160,"h":144,"rotated": false}},
{"SPRITE" : {"name": "0043","x":715,"y":947,"w":237,"h":255,"rotated": false}},
{"SPRITE" : {"name": "0044","x":2387,"y":1512,"w":378,"h":121,"rotated": false}},
{"SPRITE" : {"name": "0045","x":3076,"y":1501,"w":361,"h":128,"rotated": false}},
{"SPRITE" : {"name": "0046","x":715,"y":1213,"w":455,"h":267,"rotated": false}},
{"SPRITE" : {"name": "0047","x":0,"y":1114,"w":272,"h":326,"rotated": false}},
{"SPRITE" : {"name": "0048","x":3720,"y":880,"w":249,"h":557,"rotated": false}},
{"SPRITE" : {"name": "0049","x":2589,"y":540,"w":260,"h":701,"rotated": false}},
{"SPRITE" : {"name": "0050","x":1014,"y":611,"w":291,"h":598,"rotated": false}},
{"SPRITE" : {"name": "0051","x":1309,"y":611,"w":315,"h":540,"rotated": false}},
{"SPRITE" : {"name": "0052","x":0,"y":649,"w":355,"h":461,"rotated": false}},
{"SPRITE" : {"name": "0053","x":359,"y":947,"w":352,"h":373,"rotated": false}},
{"SPRITE" : {"name": "0054","x":2769,"y":1633,"w":347,"h":110,"rotated": false}},
{"SPRITE" : {"name": "0055","x":2045,"y":1252,"w":379,"h":216,"rotated": false}},
{"SPRITE" : {"name": "0056","x":2837,"y":1372,"w":235,"h":257,"rotated": false}},
{"SPRITE" : {"name": "0057","x":3573,"y":1339,"w":140,"h":92,"rotated": false}},
{"SPRITE" : {"name": "0058","x":0,"y":1859,"w":119,"h":79,"rotated": false}},
{"SPRITE" : {"name": "0059","x":1571,"y":1253,"w":434,"h":147,"rotated": false}},
{"SPRITE" : {"name": "0060","x":276,"y":1324,"w":433,"h":145,"rotated": false}},
{"SPRITE" : {"name": "0061","x":3278,"y":880,"w":438,"h":342,"rotated": false}},
{"SPRITE" : {"name": "0062","x":3184,"y":1226,"w":385,"h":271,"rotated": false}},
{"SPRITE" : {"name": "0063","x":3573,"y":1441,"w":373,"h":153,"rotated": false}},
{"SPRITE" : {"name": "0064","x":933,"y":1780,"w":202,"h":122,"rotated": false}},
{"SPRITE" : {"name": "0065","x":209,"y":1783,"w":202,"h":122,"rotated": false}},
{"SPRITE" : {"name": "0066","x":2374,"y":1809,"w":150,"h":91,"rotated": false}},
{"SPRITE" : {"name": "0067","x":2607,"y":1637,"w":151,"h":95,"rotated": false}},
{"SPRITE" : {"name": "0068","x":1968,"y":1823,"w":140,"h":90,"rotated": false}},
{"SPRITE" : {"name": "0069","x":3461,"y":1794,"w":149,"h":92,"rotated": false}},
{"SPRITE" : {"name": "0070","x":1663,"y":1826,"w":144,"h":87,"rotated": false}},
{"SPRITE" : {"name": "0071","x":3025,"y":1822,"w":152,"h":87,"rotated": false}},
{"SPRITE" : {"name": "0072","x":2449,"y":1245,"w":384,"h":263,"rotated": false}},
{"SPRITE" : {"name": "0073","x":1628,"y":611,"w":248,"h":277,"rotated": false}},
{"SPRITE" : {"name": "0074","x":1628,"y":896,"w":413,"h":353,"rotated": false}},
{"SPRITE" : {"name": "0075","x":2045,"y":896,"w":400,"h":352,"rotated": false}},
{"SPRITE" : {"name": "0076","x":1837,"y":1472,"w":330,"h":163,"rotated": false}},
{"SPRITE" : {"name": "0077","x":3076,"y":1372,"w":90,"h":103,"rotated": false}},
{"SPRITE" : {"name": "0078","x":2171,"y":1472,"w":212,"h":238,"rotated": false}},
{"SPRITE" : {"name": "0079","x":772,"y":1484,"w":209,"h":236,"rotated": false}},
{"SPRITE" : {"name": "0080","x":415,"y":1783,"w":86,"h":84,"rotated": false}},
{"SPRITE" : {"name": "0081","x":881,"y":649,"w":126,"h":148,"rotated": false}},
{"SPRITE" : {"name": "0082","x":2387,"y":1637,"w":216,"h":168,"rotated": false}},
{"SPRITE" : {"name": "0083","x":1155,"y":1741,"w":174,"h":192,"rotated": false}},
{"SPRITE" : {"name": "0084","x":3321,"y":1633,"w":106,"h":75,"rotated": false}},
{"SPRITE" : {"name": "0085","x":3953,"y":1673,"w":129,"h":63,"rotated": false}},
{"SPRITE" : {"name": "0086","x":1837,"y":1404,"w":158,"h":60,"rotated": false}},
{"SPRITE" : {"name": "0087","x":3278,"y":706,"w":123,"h":148,"rotated": false}},
{"SPRITE" : {"name": "0088","x":3973,"y":880,"w":123,"h":148,"rotated": false}},
{"SPRITE" : {"name": "0089","x":2607,"y":1747,"w":207,"h":142,"rotated": false}},
{"SPRITE" : {"name": "0090","x":1309,"y":1155,"w":91,"h":53,"rotated": false}},
{"SPRITE" : {"name": "0091","x":1880,"y":611,"w":65,"h":96,"rotated": false}},
{"SPRITE" : {"name": "0092","x":1880,"y":711,"w":65,"h":96,"rotated": false}},
{"SPRITE" : {"name": "0093","x":1523,"y":1791,"w":136,"h":102,"rotated": false}},
{"SPRITE" : {"name": "0094","x":3321,"y":1794,"w":136,"h":102,"rotated": false}},
{"SPRITE" : {"name": "0095","x":3441,"y":1598,"w":228,"h":192,"rotated": false}},
{"SPRITE" : {"name": "0096","x":1357,"y":1504,"w":166,"h":234,"rotated": false}},
{"SPRITE" : {"name": "0097","x":0,"y":1684,"w":205,"h":171,"rotated": false}},
{"SPRITE" : {"name": "0098","x":514,"y":1709,"w":205,"h":171,"rotated": false}},
{"SPRITE" : {"name": "0099","x":2166,"y":1714,"w":204,"h":166,"rotated": false}},
{"SPRITE" : {"name": "0100","x":723,"y":1724,"w":206,"h":164,"rotated": false}},
{"SPRITE" : {"name": "0101","x":276,"y":1114,"w":79,"h":185,"rotated": false}},
{"SPRITE" : {"name": "0102","x":3184,"y":971,"w":83,"h":200,"rotated": false}},
{"SPRITE" : {"name": "0103","x":3973,"y":1222,"w":86,"h":180,"rotated": false}},
{"SPRITE" : {"name": "0104","x":3973,"y":1032,"w":89,"h":186,"rotated": false}},
{"SPRITE" : {"name": "0105","x":1766,"y":1639,"w":198,"h":183,"rotated": false}}
]},
"meta": {
"app": "Adobe Animate",
"version": "21.0.0.35450",
"image": "spritemap1.png",
"format": "RGBA8888",
"size": {"w":4096,"h":1938},
"resolution": "1"
}
}
